﻿[
  {
    "enc": false,
    "encKey": 0,
    "encMode": 0,
    "freqMax": 1000.0,
    "freqMin": 1.0,
    "freq": 1000.0,
    "modulation": 2,
    "name": "INTERCOM",
    "secFreq": 0.0,
    "volume": 1.0,
    "freqMode": 0,
    "volMode": 1,
    "expansion": false,
    "channel": -1,
    "simul": false,
    "rtMode": 2
  },
  {
    "enc": false,
    "encKey": 1,
    "encMode": 1,
    "freqMax": 400000000.0,
    "freqMin": 1000000.0,
    "freq": 118500000.0,
    "standbyfreq": 121500000.0,
    "modulation": 0,
    "name": "Radio 1",
    "secFreq": 243000000.0,
    "volume": 1.0,
    "freqMode": 1,
    "volMode": 1,
    "expansion": false,
    "channel": -1,
    "simul": false,
    "rtMode": 1
  },
  {
    "enc": false,
    "encKey": 1,
    "encMode": 1,
    "freqMax": 400000000.0,
    "freqMin": 1000000.0,
    "freq": 118500000.0,
    "standbyfreq": 121500000.0,
    "modulation": 0,
    "name": "Radio 2",
    "secFreq": 243000000.0,
    "volume": 1.0,
    "freqMode": 1,
    "volMode": 1,
    "expansion": false,
    "channel": -1,
    "simul": false,
    "rtMode": 1
  },
  {
    "enc": false,
    "encKey": 1,
    "encMode": 1,
    "freqMax": 400000000.0,
    "freqMin": 1000000.0,
    "freq": 118500000.0,
    "standbyfreq": 121500000.0,
    "modulation": 3,
    "name": "Radio 3",
    "secFreq": 243000000.0,
    "volume": 0,
    "freqMode": 1,
    "volMode": 1,
    "expansion": false,
    "channel": -1,
    "simul": false,
    "rtMode": 1
  },
  {
    "enc": false,
    "encKey": 1,
    "encMode": 1,
    "freqMax": 400000000.0,
    "freqMin": 1000000.0,
    "freq": 118500000.0,
    "standbyfreq": 121500000.0,
    "modulation": 3,
    "name": "Radio 4",
    "secFreq": 243000000.0,
    "volume": 0,
    "freqMode": 1,
    "volMode": 1,
    "expansion": false,
    "channel": -1,
    "simul": false,
    "rtMode": 1
  },
  {
    "enc": false,
    "encKey": 1,
    "encMode": 1,
    "freqMax": 400000000.0,
    "freqMin": 1000000.0,
    "freq": 118500000.0,
    "standbyfreq": 121500000.0,
    "modulation": 3,
    "name": "Radio 5",
    "secFreq": 243000000.0,
    "volume": 0,
    "freqMode": 1,
    "volMode": 1,
    "expansion": false,
    "channel": -1,
    "simul": false,
    "rtMode": 1
  },
  {
    "enc": false,
    "encKey": 0,
    "encMode": 0,
    "freqMax": 400000000.0,
    "freqMin": 1000000.0,
    "freq": 118500000.0,
    "standbyfreq": 121500000.0,
    "modulation": 3,
    "name": "Radio 6",
    "secFreq": 121500000.0,
    "volume": 0,
    "freqMode": 1,
    "volMode": 1,
    "expansion": false,
    "channel": -1,
    "simul": false,
    "rtMode": 1
  },
  {
    "enc": false,
    "encKey": 0,
    "encMode": 0,
    "freqMax": 400000000.0,
    "freqMin": 1000000.0,
    "freq": 118500000.0,
    "standbyfreq": 121500000.0,
    "modulation": 3,
    "name": "Radio 7",
    "secFreq": 121500000.0,
    "volume": 0,
    "freqMode": 1,
    "volMode": 1,
    "expansion": false,
    "channel": -1,
    "simul": false,
    "rtMode": 1
  },
  {
    "enc": false,
    "encKey": 1,
    "encMode": 1,
    "freqMax": 400000000.0,
    "freqMin": 1000000.0,
    "freq": 118500000.0,
    "standbyfreq": 121500000.0,
    "modulation": 3,
    "name": "Radio 8",
    "secFreq": 243000000.0,
    "volume": 0,
    "freqMode": 1,
    "volMode": 1,
    "expansion": false,
    "channel": -1,
    "simul": false,
    "rtMode": 1
  },
  {
    "enc": false,
    "encKey": 0,
    "encMode": 0,
    "freqMax": 400000000.0,
    "freqMin": 1000000.0,
    "freq": 118500000.0,
    "standbyfreq": 121500000.0,
    "modulation": 3,
    "name": "Radio 9",
    "secFreq": 121500000.0,
    "volume": 0,
    "freqMode": 1,
    "volMode": 1,
    "expansion": false,
    "channel": -1,
    "simul": false,
    "rtMode": 1
  },
  {
    "enc": false,
    "encKey": 0,
    "encMode": 0,
    "freqMax": 121500000.0,
    "freqMin": 121500000.0,
    "freq": 121500000.0,
    "standbyfreq": 121500000.0,
    "modulation": 0,
    "name": "Guard",
    "secFreq": 121500000.0,
    "volume": 1.0,
    "freqMode": 1,
    "volMode": 1,
    "expansion": false,
    "channel": -1,
    "simul": false,
    "rtMode": 1
  }]
